{
    "accuracy": 0.8396799116997793,
    "f1_macro": 0.4050481640520272,
    "f1_weighted": 0.8098325933268994
}